id,target
c0f722661,0.21498832
f0953f0a5,0.07377008
0df072751,-0.18195555
04caf4e0c,-2.0554874
0e63f8bea,-1.6742519
12537fe78,-1.1388445
965e592c0,0.66991615
