id,target
c0f722661,-0.11176468
f0953f0a5,0.0053081773
0df072751,-0.21834943
04caf4e0c,-2.284676
0e63f8bea,-1.7087125
12537fe78,-1.2918683
965e592c0,0.6328492
