id,target
c0f722661,0.2981355
f0953f0a5,-0.09319965
0df072751,-0.014424985
04caf4e0c,-2.4689775
0e63f8bea,-1.7944437
12537fe78,-1.8423489
965e592c0,0.30697903
