id,target
c0f722661,-0.5999616
f0953f0a5,-0.3321118
0df072751,-0.24692395
04caf4e0c,-2.260113
0e63f8bea,-1.8454131
12537fe78,-1.1074754
965e592c0,-0.16750209
