id,target
c0f722661,-0.124490045
f0953f0a5,-0.21031536
0df072751,-0.1522481
04caf4e0c,-2.2946937
0e63f8bea,-1.2856847
12537fe78,-0.68682593
965e592c0,0.6385001
