id,target
c0f722661,0.26582396
f0953f0a5,-0.096931115
0df072751,-0.08653999
04caf4e0c,-2.0355399
0e63f8bea,-1.5716516
12537fe78,-1.1252915
965e592c0,0.61227906
